file,title,meta_description,h1_count,image_count,missing_alt,missing_loading
memorial-range.html,Memorial Range | Churchill Memorials,"Browse Churchill Memorials’ full nationwide memorial range with professional installation across England, Scotland and Wales.",1,13,0,0
index.html,Churchill Memorials — Desktop Rebuild Prototype,"Nationwide memorial headstone specialists. Cemetery headstones, kerb sets, book memorials, heart memorials and professional installation across England, Scotland and Wales.",15,23,0,0
404.html,Page Not Found | Churchill Memorials,"Page not found. Return to Churchill Memorials’ nationwide memorial headstone range, recent installations, colours or inscription guidance.",1,0,0,0
about.html,About Churchill Memorials | Churchill Memorials,"Family-run nationwide memorial specialists with professional installation across England, Scotland and Wales.",2,0,0,0
colour-samples.html,Memorial Colour Samples | Churchill Memorials,Granite and natural stone colour samples for Churchill Memorials headstones.,2,0,0,0
headstone-inscriptions.html,Headstone Inscriptions & Memorial Verses | Churchill Memorials,"Churchill Memorials are nationwide memorial headstone specialists, serving every cemetery across England, Scotland and Wales with professional installation",2,0,0,0
recent-installations.html,Recent Installations | Churchill Memorials,"Recent memorial installations by Churchill Memorials across cemeteries in England, Scotland and Wales.",2,0,0,0
product/amber-grace-marble-churchyard-cross-headstone.html,Amber Grace Churchyard Cross Headstone | Churchill Memorials,"Amber Grace Churchyard & Marble Memorials from Churchill Memorials. Marble memorial with professional installation across England, Scotland and Wales.",1,3,0,0
product/angel-cross-granite-churchyard-cross-headstone.html,Angel Cross Churchyard Cross Headstone | Churchill Memorials,"Angel Cross Cemetery & Churchyard Headstones from Churchill Memorials. Granite memorial with professional installation across England, Scotland and Wales.",1,1,0,0
product/angel-heart-red-granite-heart-memorial-headstone.html,Angel Heart Heart Memorial Headstone | Churchill Memorials,"Angel Heart Cemetery & Churchyard Headstones from Churchill Memorials. Granite memorial with professional installation across England, Scotland and Wales.",1,1,0,0
product/angel-teddy-granite-childrens-memorial-headstone.html,Angel Teddy Childrens Memorial Headstone | Churchill Memorials,"Angel Teddy Children’s Memorials from Churchill Memorials. Granite memorial with professional installation across England, Scotland and Wales.",1,2,0,0
product/baby-angel-granite-heart-memorial-headstone.html,Baby Angel Heart Memorial Headstone | Churchill Memorials,"Baby Angel Children’s Memorials from Churchill Memorials. Granite memorial with professional installation across England, Scotland and Wales.",1,1,0,0
product/baby-rose-granite-childrens-memorial-headstone.html,Baby Rose Childrens Memorial Headstone | Churchill Memorials,"Baby Rose Children’s Memorials from Churchill Memorials. Granite memorial with professional installation across England, Scotland and Wales.",1,2,0,0
product/blessed-cross-granite-churchyard-cross-headstone.html,Blessed Cross Churchyard Cross Headstone | Churchill Memorials,"Blessed Cross Cemetery & Churchyard Headstones from Churchill Memorials. Granite memorial with professional installation across England, Scotland and Wales.",1,1,0,0
product/blessed-grace-granite-granite-headstone.html,Blessed Grace Granite Headstone | Churchill Memorials,"Blessed Grace Individual Bespoke Memorials from Churchill Memorials. Granite memorial with professional installation across England, Scotland and Wales.",1,3,0,0
product/blessed-prayer-black-granite-kerb-set-memorial.html,Blessed Prayer Kerb Set Memorial | Churchill Memorials,"Blessed Prayer Arabic & Muslim Memorial Headstones from Churchill Memorials. Black Granite memorial with professional installation across England,...",1,2,0,0
product/bloom-rest-marble-kerb-set-memorial.html,Bloom Rest Kerb Set Memorial | Churchill Memorials,"Bloom Rest Bespoke Kerbset Memorials from Churchill Memorials. Marble memorial with professional installation across England, Scotland and Wales.",1,3,0,0
product/bloom-stone-marble-churchyard-cross-headstone.html,Bloom Stone Churchyard Cross Headstone | Churchill Memorials,"Bloom Stone Churchyard & Marble Memorials from Churchill Memorials. Marble memorial with professional installation across England, Scotland and Wales.",1,2,0,0
product/bloom-vase-granite-cremation-memorial.html,Bloom Vase Cremation Memorial | Churchill Memorials,"Bloom Vase Cremation Memorials from Churchill Memorials. Granite memorial with professional installation across England, Scotland and Wales.",1,1,0,0
product/calm-garden-granite-kerb-set-memorial.html,Calm Garden Kerb Set Memorial | Churchill Memorials,"Calm Garden Bespoke Kerbset Memorials from Churchill Memorials. Granite memorial with professional installation across England, Scotland and Wales.",1,3,0,0
product/calm-light-granite-granite-headstone.html,Calm Light Granite Headstone | Churchill Memorials,"Calm Light Individual Bespoke Memorials from Churchill Memorials. Granite memorial with professional installation across England, Scotland and Wales.",1,3,0,0
product/calm-stone-black-granite-childrens-memorial-headstone.html,Calm Stone Childrens Memorial Headstone | Churchill Memorials,"Calm Stone Children’s Memorials from Churchill Memorials. Black Granite memorial with professional installation across England, Scotland and Wales.",1,1,0,0
product/cedar-grace-grey-granite-churchyard-cross-headstone.html,Cedar Grace Churchyard Cross Headstone | Churchill Memorials,"Cedar Grace Cemetery & Churchyard Headstones from Churchill Memorials. Grey Granite memorial with professional installation across England, Scotland and...",1,1,0,0
product/cedar-rest-red-granite-kerb-set-memorial.html,Cedar Rest Kerb Set Memorial | Churchill Memorials,"Cedar Rest Bespoke Kerbset Memorials from Churchill Memorials. Ruby Red memorial with professional installation across England, Scotland and Wales.",1,2,0,0
product/cedar-stone-granite-granite-headstone.html,Cedar Stone Granite Headstone | Churchill Memorials,"Cedar Stone Rustic & Hand Carved Memorials from Churchill Memorials. Granite memorial with professional installation across England, Scotland and Wales.",1,2,0,0
product/celtic-cross-granite-churchyard-cross-headstone.html,Celtic Cross Churchyard Cross Headstone | Churchill Memorials,"Celtic Cross Cemetery & Churchyard Headstones from Churchill Memorials. Granite memorial with professional installation across England, Scotland and Wales.",1,1,0,0
product/chapel-cross-granite-churchyard-cross-headstone.html,Chapel Cross Churchyard Cross Headstone | Churchill Memorials,"Chapel Cross Cemetery & Churchyard Headstones from Churchill Memorials. Granite memorial with professional installation across England, Scotland and Wales.",1,1,0,0
product/chapter-rose-granite-book-memorial-headstone.html,Chapter Rose Book Memorial Headstone | Churchill Memorials,"Chapter Rose Book Memorials from Churchill Memorials. Granite memorial with professional installation across England, Scotland and Wales.",1,1,0,0
product/cloud-grace-marble-churchyard-cross-headstone.html,Cloud Grace Churchyard Cross Headstone | Churchill Memorials,"Cloud Grace Churchyard & Marble Memorials from Churchill Memorials. Marble memorial with professional installation across England, Scotland and Wales.",1,3,0,0
product/country-grace-red-granite-granite-headstone.html,Country Grace Granite Headstone | Churchill Memorials,"Country Grace Rustic & Hand Carved Memorials from Churchill Memorials. Granite memorial with professional installation across England, Scotland and Wales.",1,1,0,0
product/crown-garden-granite-kerb-set-memorial.html,Crown Garden Kerb Set Memorial | Churchill Memorials,"Crown Garden Bespoke Kerbset Memorials from Churchill Memorials. Granite memorial with professional installation across England, Scotland and Wales.",1,2,0,0
product/crown-stone-marble-churchyard-cross-headstone.html,Crown Stone Churchyard Cross Headstone | Churchill Memorials,"Crown Stone Churchyard & Marble Memorials from Churchill Memorials. Marble memorial with professional installation across England, Scotland and Wales.",1,1,0,0
product/daisy-grace-granite-granite-headstone.html,Daisy Grace Granite Headstone | Churchill Memorials,"Daisy Grace Special Offers from Churchill Memorials. Granite memorial with professional installation across England, Scotland and Wales.",1,1,0,0
product/dawn-stone-black-granite-cremation-memorial.html,Dawn Stone Cremation Memorial | Churchill Memorials,"Dawn Stone Cremation Memorials from Churchill Memorials. Black Granite memorial with professional installation across England, Scotland and Wales.",1,1,0,0
product/divine-peace-grey-granite-churchyard-cross-headstone.html,Divine Peace Churchyard Cross Headstone | Churchill Memorials,"Divine Peace Cemetery & Churchyard Headstones from Churchill Memorials. Grey Granite memorial with professional installation across England, Scotland and...",1,1,0,0
product/dove-book-marble-book-memorial-headstone.html,Dove Book Book Memorial Headstone | Churchill Memorials,"Dove Book Churchyard & Marble Memorials from Churchill Memorials. Marble memorial with professional installation across England, Scotland and Wales.",1,2,0,0
product/dove-garden-granite-kerb-set-memorial.html,Dove Garden Kerb Set Memorial | Churchill Memorials,"Dove Garden Bespoke Kerbset Memorials from Churchill Memorials. Granite memorial with professional installation across England, Scotland and Wales.",1,2,0,0
product/dove-grace-granite-churchyard-cross-headstone.html,Dove Grace Churchyard Cross Headstone | Churchill Memorials,"Dove Grace Cemetery & Churchyard Headstones from Churchill Memorials. Granite memorial with professional installation across England, Scotland and Wales.",1,1,0,0
product/dove-heart-granite-heart-memorial-headstone.html,Dove Heart Heart Memorial Headstone | Churchill Memorials,"Dove Heart Cemetery & Churchyard Headstones from Churchill Memorials. Granite memorial with professional installation across England, Scotland and Wales.",1,1,0,0
product/dove-prayer-granite-muslim-arabic-headstone.html,Dove Prayer Muslim Arabic Headstone | Churchill Memorials,"Dove Prayer Arabic & Muslim Memorial Headstones from Churchill Memorials. Granite memorial with professional installation across England, Scotland and Wales.",1,1,0,0
product/dove-vase-marble-kerb-set-memorial.html,Dove Vase Kerb Set Memorial | Churchill Memorials,"Dove Vase Kerb Set Memorials & Full Length Headstones from Churchill Memorials. Marble memorial with professional installation across England, Scotland...",1,2,0,0
product/eden-garden-granite-kerb-set-memorial.html,Eden Garden Kerb Set Memorial | Churchill Memorials,"Eden Garden Bespoke Kerbset Memorials from Churchill Memorials. Granite memorial with professional installation across England, Scotland and Wales.",1,2,0,0
product/eden-grace-granite-childrens-memorial-headstone.html,Eden Grace Childrens Memorial Headstone | Churchill Memorials,"Eden Grace Children’s Memorials from Churchill Memorials. Granite memorial with professional installation across England, Scotland and Wales.",1,2,0,0
product/emerald-grace-granite-book-memorial-headstone.html,Emerald Grace Book Memorial Headstone | Churchill Memorials,"Emerald Grace Cremation Memorials from Churchill Memorials. Granite memorial with professional installation across England, Scotland and Wales.",1,1,0,0
product/eternal-cross-red-granite-churchyard-cross-headstone.html,Eternal Cross Churchyard Cross Headstone | Churchill Memorials,"Eternal Cross Cemetery & Churchyard Headstones from Churchill Memorials. Granite memorial with professional installation across England, Scotland and Wales.",1,1,0,0
product/eternal-grace-black-granite-granite-headstone.html,Eternal Grace Granite Headstone | Churchill Memorials,"Eternal Grace Special Offers from Churchill Memorials. Black Granite memorial with professional installation across England, Scotland and Wales.",1,1,0,0
product/eternal-heart-granite-heart-memorial-headstone.html,Eternal Heart Heart Memorial Headstone | Churchill Memorials,"Eternal Heart Cemetery & Churchyard Headstones from Churchill Memorials. Granite memorial with professional installation across England, Scotland and Wales.",1,1,0,0
product/eternal-prayer-black-granite-kerb-set-memorial.html,Eternal Prayer Kerb Set Memorial | Churchill Memorials,"Eternal Prayer Arabic & Muslim Memorial Headstones from Churchill Memorials. Black Granite memorial with professional installation across England,...",1,2,0,0
product/eternal-verse-granite-book-memorial-headstone.html,Eternal Verse Book Memorial Headstone | Churchill Memorials,"Eternal Verse Book Memorials from Churchill Memorials. Granite memorial with professional installation across England, Scotland and Wales.",1,1,0,0
product/evening-grace-granite-book-memorial-headstone.html,Evening Grace Book Memorial Headstone | Churchill Memorials,"Evening Grace Cremation Memorials from Churchill Memorials. Granite memorial with professional installation across England, Scotland and Wales.",1,1,0,0
product/ever-grace-granite-heart-memorial-headstone.html,Ever Grace Heart Memorial Headstone | Churchill Memorials,"Ever Grace Children’s Memorials from Churchill Memorials. Granite memorial with professional installation across England, Scotland and Wales.",1,1,0,0
product/evergreen-rest-granite-kerb-set-memorial.html,Evergreen Rest Kerb Set Memorial | Churchill Memorials,"Evergreen Rest Kerb Set Memorials & Full Length Headstones from Churchill Memorials. Granite memorial with professional installation across England,...",1,1,0,0
product/faith-book-granite-book-memorial-headstone.html,Faith Book Book Memorial Headstone | Churchill Memorials,"Faith Book Book Memorials from Churchill Memorials. Granite memorial with professional installation across England, Scotland and Wales.",1,1,0,0
product/faith-cross-black-granite-churchyard-cross-headstone.html,Faith Cross Churchyard Cross Headstone | Churchill Memorials,"Faith Cross Special Offers from Churchill Memorials. Black Granite memorial with professional installation across England, Scotland and Wales.",1,1,0,0
product/faith-grace-red-granite-kerb-set-memorial.html,Faith Grace Kerb Set Memorial | Churchill Memorials,"Faith Grace Arabic & Muslim Memorial Headstones from Churchill Memorials. Granite memorial with professional installation across England, Scotland and Wales.",1,3,0,0
product/faith-heart-granite-heart-memorial-headstone.html,Faith Heart Heart Memorial Headstone | Churchill Memorials,"Faith Heart Heart Memorials from Churchill Memorials. Granite memorial with professional installation across England, Scotland and Wales.",1,3,0,0
product/faith-stone-granite-kerb-set-memorial.html,Faith Stone Kerb Set Memorial | Churchill Memorials,"Faith Stone Arabic & Muslim Memorial Headstones from Churchill Memorials. Granite memorial with professional installation across England, Scotland and Wales.",1,3,0,0
product/family-book-granite-book-memorial-headstone.html,Family Book Book Memorial Headstone | Churchill Memorials,"Family Book Book Memorials from Churchill Memorials. Granite memorial with professional installation across England, Scotland and Wales.",1,1,0,0
product/family-garden-granite-kerb-set-memorial.html,Family Garden Kerb Set Memorial | Churchill Memorials,"Family Garden Bespoke Kerbset Memorials from Churchill Memorials. Granite memorial with professional installation across England, Scotland and Wales.",1,2,0,0
product/family-grace-granite-heart-memorial-headstone.html,Family Grace Heart Memorial Headstone | Churchill Memorials,"Family Grace Children’s Memorials from Churchill Memorials. Granite memorial with professional installation across England, Scotland and Wales.",1,1,0,0
product/family-light-granite-granite-headstone.html,Family Light Granite Headstone | Churchill Memorials,"Family Light Individual Bespoke Memorials from Churchill Memorials. Granite memorial with professional installation across England, Scotland and Wales.",1,2,0,0
product/family-prayer-red-granite-muslim-arabic-headstone.html,Family Prayer Muslim Arabic Headstone | Churchill Memorials,"Family Prayer Arabic & Muslim Memorial Headstones from Churchill Memorials. Granite memorial with professional installation across England, Scotland and...",1,1,0,0
product/fern-stone-marble-churchyard-cross-headstone.html,Fern Stone Churchyard Cross Headstone | Churchill Memorials,"Fern Stone Churchyard & Marble Memorials from Churchill Memorials. Marble memorial with professional installation across England, Scotland and Wales.",1,1,0,0
product/field-stone-granite-granite-headstone.html,Field Stone Granite Headstone | Churchill Memorials,"Field Stone Rustic & Hand Carved Memorials from Churchill Memorials. Granite memorial with professional installation across England, Scotland and Wales.",1,1,0,0
product/forest-grace-granite-granite-headstone.html,Forest Grace Granite Headstone | Churchill Memorials,"Forest Grace Rustic & Hand Carved Memorials from Churchill Memorials. Granite memorial with professional installation across England, Scotland and Wales.",1,1,0,0
product/forever-grace-granite-childrens-memorial-headstone.html,Forever Grace Childrens Memorial Headstone | Churchill Memorials,"Forever Grace Children’s Memorials from Churchill Memorials. Granite memorial with professional installation across England, Scotland and Wales.",1,2,0,0
product/forever-heart-granite-heart-memorial-headstone.html,Forever Heart Heart Memorial Headstone | Churchill Memorials,"Forever Heart Heart Memorials from Churchill Memorials. Granite memorial with professional installation across England, Scotland and Wales.",1,2,0,0
product/forever-light-red-granite-granite-headstone.html,Forever Light Granite Headstone | Churchill Memorials,"Forever Light Individual Bespoke Memorials from Churchill Memorials. Granite memorial with professional installation across England, Scotland and Wales.",1,3,0,0
product/forever-vase-granite-cremation-memorial.html,Forever Vase Cremation Memorial | Churchill Memorials,"Forever Vase Cremation Memorials from Churchill Memorials. Granite memorial with professional installation across England, Scotland and Wales.",1,2,0,0
product/garden-rest-granite-kerb-set-memorial.html,Garden Rest Kerb Set Memorial | Churchill Memorials,"Garden Rest Kerb Set Memorials & Full Length Headstones from Churchill Memorials. Granite memorial with professional installation across England, Scotland...",1,2,0,0
product/garden-rose-granite-granite-headstone.html,Garden Rose Granite Headstone | Churchill Memorials,"Garden Rose Special Offers from Churchill Memorials. Granite memorial with professional installation across England, Scotland and Wales.",1,1,0,0
product/garden-vase-marble-memorial-vase.html,Garden Vase Memorial Vase | Churchill Memorials,"Garden Vase Churchyard & Marble Memorials from Churchill Memorials. Marble memorial with professional installation across England, Scotland and Wales.",1,1,0,0
product/gentle-grace-black-granite-granite-headstone.html,Gentle Grace Granite Headstone | Churchill Memorials,"Gentle Grace Special Offers from Churchill Memorials. Black Granite memorial with professional installation across England, Scotland and Wales.",1,1,0,0
product/gentle-heart-granite-heart-memorial-headstone.html,Gentle Heart Heart Memorial Headstone | Churchill Memorials,"Gentle Heart Cemetery & Churchyard Headstones from Churchill Memorials. Granite memorial with professional installation across England, Scotland and Wales.",1,1,0,0
product/gentle-light-black-granite-heart-memorial-headstone.html,Gentle Light Heart Memorial Headstone | Churchill Memorials,"Gentle Light Heart Memorials from Churchill Memorials. Black Granite memorial with professional installation across England, Scotland and Wales.",1,1,0,0
product/gentle-moon-granite-book-memorial-headstone.html,Gentle Moon Book Memorial Headstone | Churchill Memorials,"Gentle Moon Children’s Memorials from Churchill Memorials. Granite memorial with professional installation across England, Scotland and Wales.",1,1,0,0
product/gentle-prayer-red-granite-kerb-set-memorial.html,Gentle Prayer Kerb Set Memorial | Churchill Memorials,"Gentle Prayer Arabic & Muslim Memorial Headstones from Churchill Memorials. Granite memorial with professional installation across England, Scotland and...",1,3,0,0
product/gentle-star-granite-childrens-memorial-headstone.html,Gentle Star Childrens Memorial Headstone | Churchill Memorials,"Gentle Star Children’s Memorials from Churchill Memorials. Granite memorial with professional installation across England, Scotland and Wales.",1,1,0,0
product/golden-grace-granite-churchyard-cross-headstone.html,Golden Grace Churchyard Cross Headstone | Churchill Memorials,"Golden Grace Cemetery & Churchyard Headstones from Churchill Memorials. Granite memorial with professional installation across England, Scotland and Wales.",1,1,0,0
product/golden-heart-granite-heart-memorial-headstone.html,Golden Heart Heart Memorial Headstone | Churchill Memorials,"Golden Heart Heart Memorials from Churchill Memorials. Granite memorial with professional installation across England, Scotland and Wales.",1,2,0,0
product/golden-light-granite-churchyard-cross-headstone.html,Golden Light Churchyard Cross Headstone | Churchill Memorials,"Golden Light Individual Bespoke Memorials from Churchill Memorials. Granite memorial with professional installation across England, Scotland and Wales.",1,3,0,0
product/golden-verse-granite-book-memorial-headstone.html,Golden Verse Book Memorial Headstone | Churchill Memorials,"Golden Verse Book Memorials from Churchill Memorials. Granite memorial with professional installation across England, Scotland and Wales.",1,1,0,0
product/grace-book-red-granite-kerb-set-memorial.html,Grace Book Kerb Set Memorial | Churchill Memorials,"Grace Book Kerb Set Memorials & Full Length Headstones from Churchill Memorials. Granite memorial with professional installation across England, Scotland...",1,1,0,0
product/grace-cedar-granite-memorial-vase.html,Grace Cedar Memorial Vase | Churchill Memorials,"Grace Cedar Vases from Churchill Memorials. Granite memorial with professional installation across England, Scotland and Wales.",1,1,0,0
product/grace-cross-red-granite-churchyard-cross-headstone.html,Grace Cross Churchyard Cross Headstone | Churchill Memorials,"Grace Cross Cemetery & Churchyard Headstones from Churchill Memorials. Granite memorial with professional installation across England, Scotland and Wales.",1,1,0,0
product/grace-dove-red-granite-granite-headstone.html,Grace Dove Granite Headstone | Churchill Memorials,"Grace Dove Individual Bespoke Memorials from Churchill Memorials. Granite memorial with professional installation across England, Scotland and Wales.",1,2,0,0
product/grace-garden-granite-kerb-set-memorial.html,Grace Garden Kerb Set Memorial | Churchill Memorials,"Grace Garden Kerb Set Memorials & Full Length Headstones from Churchill Memorials. Granite memorial with professional installation across England,...",1,3,0,0
product/grace-heart-granite-heart-memorial-headstone.html,Grace Heart Heart Memorial Headstone | Churchill Memorials,"Grace Heart Heart Memorials from Churchill Memorials. Granite memorial with professional installation across England, Scotland and Wales.",1,3,0,0
product/grace-hope-granite-memorial-vase.html,Grace Hope Memorial Vase | Churchill Memorials,"Grace Hope Vases from Churchill Memorials. Granite memorial with professional installation across England, Scotland and Wales.",1,1,0,0
product/grace-legacy-red-granite-memorial-vase.html,Grace Legacy Memorial Vase | Churchill Memorials,"Grace Legacy Vases from Churchill Memorials. Granite memorial with professional installation across England, Scotland and Wales.",1,1,0,0
product/grace-light-marble-memorial-headstone.html,Grace Light Memorial Headstone | Churchill Memorials,"Grace Light Individual Bespoke Memorials from Churchill Memorials. Marble memorial with professional installation across England, Scotland and Wales.",1,2,0,0
product/grace-lily-granite-heart-memorial-headstone.html,Grace Lily Heart Memorial Headstone | Churchill Memorials,"Grace Lily Rustic & Hand Carved Memorials from Churchill Memorials. Granite memorial with professional installation across England, Scotland and Wales.",1,1,0,0
product/grace-meadow-granite-heart-memorial-headstone.html,Grace Meadow Heart Memorial Headstone | Churchill Memorials,"Grace Meadow Vases from Churchill Memorials. Granite memorial with professional installation across England, Scotland and Wales.",1,1,0,0
product/grace-memory-granite-memorial-vase.html,Grace Memory Memorial Vase | Churchill Memorials,"Grace Memory Vases from Churchill Memorials. Granite memorial with professional installation across England, Scotland and Wales.",1,1,0,0
product/grace-moon-granite-memorial-vase.html,Grace Moon Memorial Vase | Churchill Memorials,"Grace Moon Vases from Churchill Memorials. Granite memorial with professional installation across England, Scotland and Wales.",1,1,0,0
product/grace-oak-granite-memorial-vase.html,Grace Oak Memorial Vase | Churchill Memorials,"Grace Oak Vases from Churchill Memorials. Granite memorial with professional installation across England, Scotland and Wales.",1,1,0,0
product/grace-peace-granite-childrens-memorial-headstone.html,Grace Peace Childrens Memorial Headstone | Churchill Memorials,"Grace Peace Rustic & Hand Carved Memorials from Churchill Memorials. Granite memorial with professional installation across England, Scotland and Wales.",1,1,0,0
product/grace-rest-granite-heart-memorial-headstone.html,Grace Rest Heart Memorial Headstone | Churchill Memorials,"Grace Rest Individual Bespoke Memorials from Churchill Memorials. Granite memorial with professional installation across England, Scotland and Wales.",1,3,0,0
product/grace-rose-red-granite-granite-headstone.html,Grace Rose Granite Headstone | Churchill Memorials,"Grace Rose Individual Bespoke Memorials from Churchill Memorials. Granite memorial with professional installation across England, Scotland and Wales.",1,2,0,0
product/grace-star-black-granite-memorial-vase.html,Grace Star Memorial Vase | Churchill Memorials,"Grace Star Vases from Churchill Memorials. Black Granite memorial with professional installation across England, Scotland and Wales.",1,1,0,0
product/grace-stone-granite-granite-headstone.html,Grace Stone Granite Headstone | Churchill Memorials,"Grace Stone Special Offers from Churchill Memorials. Granite memorial with professional installation across England, Scotland and Wales.",1,2,0,0
product/grace-vase-red-granite-memorial-vase.html,Grace Vase Memorial Vase | Churchill Memorials,"Grace Vase Cemetery & Churchyard Headstones from Churchill Memorials. Granite memorial with professional installation across England, Scotland and Wales.",1,1,0,0
product/grace-willow-marble-memorial-vase.html,Grace Willow Memorial Vase | Churchill Memorials,"Grace Willow Vases from Churchill Memorials. Marble memorial with professional installation across England, Scotland and Wales.",1,1,0,0
product/haven-rest-granite-kerb-set-memorial.html,Haven Rest Kerb Set Memorial | Churchill Memorials,"Haven Rest Bespoke Kerbset Memorials from Churchill Memorials. Granite memorial with professional installation across England, Scotland and Wales.",1,3,0,0
product/haven-stone-granite-childrens-memorial-headstone.html,Haven Stone Childrens Memorial Headstone | Churchill Memorials,"Haven Stone Children’s Memorials from Churchill Memorials. Granite memorial with professional installation across England, Scotland and Wales.",1,1,0,0
product/heart-book-granite-book-memorial-headstone.html,Heart Book Book Memorial Headstone | Churchill Memorials,"Heart Book Book Memorials from Churchill Memorials. Granite memorial with professional installation across England, Scotland and Wales.",1,1,0,0
product/heart-grace-grey-granite-heart-memorial-headstone.html,Heart Grace Heart Memorial Headstone | Churchill Memorials,"Heart Grace Special Offers from Churchill Memorials. Grey Granite memorial with professional installation across England, Scotland and Wales.",1,2,0,0
product/heaven-cross-black-granite-churchyard-cross-headstone.html,Heaven Cross Churchyard Cross Headstone | Churchill Memorials,"Heaven Cross Cemetery & Churchyard Headstones from Churchill Memorials. Black Granite memorial with professional installation across England, Scotland and...",1,1,0,0
product/heritage-garden-black-granite-kerb-set-memorial.html,Heritage Garden Kerb Set Memorial | Churchill Memorials,Heritage Garden Kerb Set Memorials & Full Length Headstones from Churchill Memorials. Black Granite memorial with professional installation across...,1,1,0,0
product/heritage-grace-granite-granite-headstone.html,Heritage Grace Granite Headstone | Churchill Memorials,"Heritage Grace Individual Bespoke Memorials from Churchill Memorials. Granite memorial with professional installation across England, Scotland and Wales.",1,2,0,0
product/heritage-stone-black-granite-granite-headstone.html,Heritage Stone Granite Headstone | Churchill Memorials,"Heritage Stone Special Offers from Churchill Memorials. Black Granite memorial with professional installation across England, Scotland and Wales.",1,2,0,0
product/holy-grace-granite-granite-headstone.html,Holy Grace Granite Headstone | Churchill Memorials,"Holy Grace Special Offers from Churchill Memorials. Granite memorial with professional installation across England, Scotland and Wales.",1,3,0,0
product/hope-cross-granite-churchyard-cross-headstone.html,Hope Cross Churchyard Cross Headstone | Churchill Memorials,"Hope Cross Cemetery & Churchyard Headstones from Churchill Memorials. Granite memorial with professional installation across England, Scotland and Wales.",1,1,0,0
product/hope-light-black-granite-granite-headstone.html,Hope Light Granite Headstone | Churchill Memorials,"Hope Light Individual Bespoke Memorials from Churchill Memorials. Black Granite memorial with professional installation across England, Scotland and Wales.",1,2,0,0
product/hope-prayer-marble-kerb-set-memorial.html,Hope Prayer Kerb Set Memorial | Churchill Memorials,"Hope Prayer Arabic & Muslim Memorial Headstones from Churchill Memorials. Marble memorial with professional installation across England, Scotland and Wales.",1,3,0,0
product/hope-stone-granite-childrens-memorial-headstone.html,Hope Stone Childrens Memorial Headstone | Churchill Memorials,"Hope Stone Children’s Memorials from Churchill Memorials. Granite memorial with professional installation across England, Scotland and Wales.",1,1,0,0
product/hope-verse-marble-book-memorial-headstone.html,Hope Verse Book Memorial Headstone | Churchill Memorials,"Hope Verse Churchyard & Marble Memorials from Churchill Memorials. Marble memorial with professional installation across England, Scotland and Wales.",1,3,0,0
product/ivory-grace-red-granite-cremation-memorial.html,Ivory Grace Cremation Memorial | Churchill Memorials,"Ivory Grace Cremation Memorials from Churchill Memorials. Granite memorial with professional installation across England, Scotland and Wales.",1,1,0,0
product/ivy-grace-marble-churchyard-cross-headstone.html,Ivy Grace Churchyard Cross Headstone | Churchill Memorials,"Ivy Grace Churchyard & Marble Memorials from Churchill Memorials. Marble memorial with professional installation across England, Scotland and Wales.",1,3,0,0
product/ivy-rest-red-granite-kerb-set-memorial.html,Ivy Rest Kerb Set Memorial | Churchill Memorials,"Ivy Rest Bespoke Kerbset Memorials from Churchill Memorials. Ruby Red memorial with professional installation across England, Scotland and Wales.",1,2,0,0
product/ivy-vase-black-granite-cremation-memorial.html,Ivy Vase Cremation Memorial | Churchill Memorials,"Ivy Vase Cremation Memorials from Churchill Memorials. Black Granite memorial with professional installation across England, Scotland and Wales.",1,1,0,0
product/jade-grace-granite-book-memorial-headstone.html,Jade Grace Book Memorial Headstone | Churchill Memorials,"Jade Grace Cremation Memorials from Churchill Memorials. Granite memorial with professional installation across England, Scotland and Wales.",1,1,0,0
product/kind-light-granite-granite-headstone.html,Kind Light Granite Headstone | Churchill Memorials,"Kind Light Individual Bespoke Memorials from Churchill Memorials. Granite memorial with professional installation across England, Scotland and Wales.",1,1,0,0
product/kindred-grace-red-granite-childrens-memorial-headstone.html,Kindred Grace Childrens Memorial Headstone | Churchill Memorials,"Kindred Grace Children’s Memorials from Churchill Memorials. Granite memorial with professional installation across England, Scotland and Wales.",1,1,0,0
product/laurel-garden-granite-kerb-set-memorial.html,Laurel Garden Kerb Set Memorial | Churchill Memorials,"Laurel Garden Bespoke Kerbset Memorials from Churchill Memorials. Granite memorial with professional installation across England, Scotland and Wales.",1,3,0,0
product/laurel-grace-red-granite-churchyard-cross-headstone.html,Laurel Grace Churchyard Cross Headstone | Churchill Memorials,"Laurel Grace Churchyard & Marble Memorials from Churchill Memorials. Marble memorial with professional installation across England, Scotland and Wales.",1,1,0,0
product/legacy-book-red-granite-kerb-set-memorial.html,Legacy Book Kerb Set Memorial | Churchill Memorials,"Legacy Book Bespoke Kerbset Memorials from Churchill Memorials. Ruby Red memorial with professional installation across England, Scotland and Wales.",1,3,0,0
product/legacy-garden-granite-kerb-set-memorial.html,Legacy Garden Kerb Set Memorial | Churchill Memorials,"Legacy Garden Kerb Set Memorials & Full Length Headstones from Churchill Memorials. Granite memorial with professional installation across England,...",1,1,0,0
product/life-story-granite-book-memorial-headstone.html,Life Story Book Memorial Headstone | Churchill Memorials,"Life Story Book Memorials from Churchill Memorials. Granite memorial with professional installation across England, Scotland and Wales.",1,1,0,0
product/light-cross-black-granite-churchyard-cross-headstone.html,Light Cross Churchyard Cross Headstone | Churchill Memorials,"Light Cross Cemetery & Churchyard Headstones from Churchill Memorials. Black Granite memorial with professional installation across England, Scotland and...",1,1,0,0
product/lily-cross-granite-churchyard-cross-headstone.html,Lily Cross Churchyard Cross Headstone | Churchill Memorials,"Lily Cross Cemetery & Churchyard Headstones from Churchill Memorials. Granite memorial with professional installation across England, Scotland and Wales.",1,1,0,0
product/lily-grace-black-granite-granite-headstone.html,Lily Grace Granite Headstone | Churchill Memorials,"Lily Grace Special Offers from Churchill Memorials. Black Granite memorial with professional installation across England, Scotland and Wales.",1,1,0,0
product/lily-heart-granite-heart-memorial-headstone.html,Lily Heart Heart Memorial Headstone | Churchill Memorials,"Lily Heart Heart Memorials from Churchill Memorials. Granite memorial with professional installation across England, Scotland and Wales.",1,1,0,0
product/lily-light-black-granite-churchyard-cross-headstone.html,Lily Light Churchyard Cross Headstone | Churchill Memorials,"Lily Light Cemetery & Churchyard Headstones from Churchill Memorials. Black Granite memorial with professional installation across England, Scotland and...",1,1,0,0
product/lily-vase-granite-cremation-memorial.html,Lily Vase Cremation Memorial | Churchill Memorials,"Lily Vase Cremation Memorials from Churchill Memorials. Granite memorial with professional installation across England, Scotland and Wales.",1,2,0,0
product/little-dove-granite-heart-memorial-headstone.html,Little Dove Heart Memorial Headstone | Churchill Memorials,"Little Dove Children’s Memorials from Churchill Memorials. Granite memorial with professional installation across England, Scotland and Wales.",1,1,0,0
product/little-lily-granite-heart-memorial-headstone.html,Little Lily Heart Memorial Headstone | Churchill Memorials,"Little Lily Children’s Memorials from Churchill Memorials. Granite memorial with professional installation across England, Scotland and Wales.",1,1,0,0
product/little-moon-black-granite-childrens-memorial-headstone.html,Little Moon Childrens Memorial Headstone | Churchill Memorials,"Little Moon Children’s Memorials from Churchill Memorials. Black Granite memorial with professional installation across England, Scotland and Wales.",1,2,0,0
product/little-rainbow-granite-childrens-memorial-headstone.html,Little Rainbow Childrens Memorial Headstone | Churchill Memorials,"Little Rainbow Children’s Memorials from Churchill Memorials. Granite memorial with professional installation across England, Scotland and Wales.",1,1,0,0
product/little-star-granite-book-memorial-headstone.html,Little Star Book Memorial Headstone | Churchill Memorials,"Little Star Children’s Memorials from Churchill Memorials. Granite memorial with professional installation across England, Scotland and Wales.",1,2,0,0
product/love-heart-black-granite-heart-memorial-headstone.html,Love Heart Heart Memorial Headstone | Churchill Memorials,"Love Heart Special Offers from Churchill Memorials. Black Granite memorial with professional installation across England, Scotland and Wales.",1,1,0,0
product/love-story-granite-book-memorial-headstone.html,Love Story Book Memorial Headstone | Churchill Memorials,"Love Story Book Memorials from Churchill Memorials. Granite memorial with professional installation across England, Scotland and Wales.",1,1,0,0
product/loving-grace-granite-childrens-memorial-headstone.html,Loving Grace Childrens Memorial Headstone | Churchill Memorials,"Loving Grace Children’s Memorials from Churchill Memorials. Granite memorial with professional installation across England, Scotland and Wales.",1,1,0,0
product/mary-grace-granite-churchyard-cross-headstone.html,Mary Grace Churchyard Cross Headstone | Churchill Memorials,"Mary Grace Cemetery & Churchyard Headstones from Churchill Memorials. Granite memorial with professional installation across England, Scotland and Wales.",1,1,0,0
product/meadow-grace-granite-churchyard-cross-headstone.html,Meadow Grace Churchyard Cross Headstone | Churchill Memorials,"Meadow Grace Cemetery & Churchyard Headstones from Churchill Memorials. Granite memorial with professional installation across England, Scotland and Wales.",1,1,0,0
product/meadow-rest-red-granite-kerb-set-memorial.html,Meadow Rest Kerb Set Memorial | Churchill Memorials,"Meadow Rest Kerb Set Memorials & Full Length Headstones from Churchill Memorials. Granite memorial with professional installation across England, Scotland...",1,1,0,0
product/meadow-stone-granite-granite-headstone.html,Meadow Stone Granite Headstone | Churchill Memorials,"Meadow Stone Rustic & Hand Carved Memorials from Churchill Memorials. Granite memorial with professional installation across England, Scotland and Wales.",1,1,0,0
product/memory-book-granite-book-memorial-headstone.html,Memory Book Book Memorial Headstone | Churchill Memorials,"Memory Book Cemetery & Churchyard Headstones from Churchill Memorials. Granite memorial with professional installation across England, Scotland and Wales.",1,1,0,0
product/memory-garden-granite-kerb-set-memorial.html,Memory Garden Kerb Set Memorial | Churchill Memorials,"Memory Garden Bespoke Kerbset Memorials from Churchill Memorials. Granite memorial with professional installation across England, Scotland and Wales.",1,2,0,0
product/memory-heart-granite-heart-memorial-headstone.html,Memory Heart Heart Memorial Headstone | Churchill Memorials,"Memory Heart Heart Memorials from Churchill Memorials. Granite memorial with professional installation across England, Scotland and Wales.",1,2,0,0
product/memory-light-granite-granite-headstone.html,Memory Light Granite Headstone | Churchill Memorials,"Memory Light Individual Bespoke Memorials from Churchill Memorials. Granite memorial with professional installation across England, Scotland and Wales.",1,1,0,0
product/memory-stone-granite-granite-headstone.html,Memory Stone Granite Headstone | Churchill Memorials,"Memory Stone Special Offers from Churchill Memorials. Granite memorial with professional installation across England, Scotland and Wales.",1,1,0,0
product/memory-vase-granite-cremation-memorial.html,Memory Vase Cremation Memorial | Churchill Memorials,"Memory Vase Cremation Memorials from Churchill Memorials. Granite memorial with professional installation across England, Scotland and Wales.",1,1,0,0
product/mercy-cross-black-granite-churchyard-cross-headstone.html,Mercy Cross Churchyard Cross Headstone | Churchill Memorials,"Mercy Cross Cemetery & Churchyard Headstones from Churchill Memorials. Black Granite memorial with professional installation across England, Scotland and...",1,1,0,0
product/mercy-grace-red-granite-muslim-arabic-headstone.html,Mercy Grace Muslim Arabic Headstone | Churchill Memorials,"Mercy Grace Arabic & Muslim Memorial Headstones from Churchill Memorials. Granite memorial with professional installation across England, Scotland and Wales.",1,1,0,0
product/moon-grace-marble-churchyard-cross-headstone.html,Moon Grace Churchyard Cross Headstone | Churchill Memorials,"Moon Grace Churchyard & Marble Memorials from Churchill Memorials. Marble memorial with professional installation across England, Scotland and Wales.",1,2,0,0
product/morning-grace-granite-churchyard-cross-headstone.html,Morning Grace Churchyard Cross Headstone | Churchill Memorials,"Morning Grace Cemetery & Churchyard Headstones from Churchill Memorials. Granite memorial with professional installation across England, Scotland and Wales.",1,1,0,0
product/natural-grace-granite-granite-headstone.html,Natural Grace Granite Headstone | Churchill Memorials,"Natural Grace Rustic & Hand Carved Memorials from Churchill Memorials. Granite memorial with professional installation across England, Scotland and Wales.",1,1,0,0
product/noble-grace-granite-heart-memorial-headstone.html,Noble Grace Heart Memorial Headstone | Churchill Memorials,"Noble Grace Children’s Memorials from Churchill Memorials. Granite memorial with professional installation across England, Scotland and Wales.",1,1,0,0
product/noble-rest-granite-kerb-set-memorial.html,Noble Rest Kerb Set Memorial | Churchill Memorials,"Noble Rest Bespoke Kerbset Memorials from Churchill Memorials. Granite memorial with professional installation across England, Scotland and Wales.",1,2,0,0
product/noor-grace-granite-kerb-set-memorial.html,Noor Grace Kerb Set Memorial | Churchill Memorials,"Noor Grace Arabic & Muslim Memorial Headstones from Churchill Memorials. Granite memorial with professional installation across England, Scotland and Wales.",1,1,0,0
product/noor-stone-granite-kerb-set-memorial.html,Noor Stone Kerb Set Memorial | Churchill Memorials,"Noor Stone Arabic & Muslim Memorial Headstones from Churchill Memorials. Granite memorial with professional installation across England, Scotland and Wales.",1,1,0,0
product/oak-garden-granite-kerb-set-memorial.html,Oak Garden Kerb Set Memorial | Churchill Memorials,"Oak Garden Bespoke Kerbset Memorials from Churchill Memorials. Granite memorial with professional installation across England, Scotland and Wales.",1,2,0,0
product/oak-grace-marble-churchyard-cross-headstone.html,Oak Grace Churchyard Cross Headstone | Churchill Memorials,"Oak Grace Churchyard & Marble Memorials from Churchill Memorials. Marble memorial with professional installation across England, Scotland and Wales.",1,2,0,0
product/oak-stone-granite-churchyard-cross-headstone.html,Oak Stone Churchyard Cross Headstone | Churchill Memorials,"Oak Stone Rustic & Hand Carved Memorials from Churchill Memorials. Granite memorial with professional installation across England, Scotland and Wales.",1,2,0,0
product/opal-grace-marble-churchyard-cross-headstone.html,Opal Grace Churchyard Cross Headstone | Churchill Memorials,"Opal Grace Churchyard & Marble Memorials from Churchill Memorials. Marble memorial with professional installation across England, Scotland and Wales.",1,3,0,0
product/orchid-grace-black-granite-granite-headstone.html,Orchid Grace Granite Headstone | Churchill Memorials,"Orchid Grace Individual Bespoke Memorials from Churchill Memorials. Black Granite memorial with professional installation across England, Scotland and Wales.",1,2,0,0
product/peace-book-granite-kerb-set-memorial.html,Peace Book Kerb Set Memorial | Churchill Memorials,"Peace Book Bespoke Kerbset Memorials from Churchill Memorials. Granite memorial with professional installation across England, Scotland and Wales.",1,2,0,0
product/peace-cross-granite-churchyard-cross-headstone.html,Peace Cross Churchyard Cross Headstone | Churchill Memorials,"Peace Cross Cemetery & Churchyard Headstones from Churchill Memorials. Granite memorial with professional installation across England, Scotland and Wales.",1,1,0,0
product/peace-dove-marble-churchyard-cross-headstone.html,Peace Dove Churchyard Cross Headstone | Churchill Memorials,"Peace Dove Churchyard & Marble Memorials from Churchill Memorials. Marble memorial with professional installation across England, Scotland and Wales.",1,3,0,0
product/peace-garden-granite-kerb-set-memorial.html,Peace Garden Kerb Set Memorial | Churchill Memorials,"Peace Garden Kerb Set Memorials & Full Length Headstones from Churchill Memorials. Granite memorial with professional installation across England,...",1,1,0,0
product/peace-heart-granite-heart-memorial-headstone.html,Peace Heart Heart Memorial Headstone | Churchill Memorials,"Peace Heart Cremation Memorials from Churchill Memorials. Granite memorial with professional installation across England, Scotland and Wales.",1,1,0,0
product/peace-light-granite-granite-headstone.html,Peace Light Granite Headstone | Churchill Memorials,"Peace Light Individual Bespoke Memorials from Churchill Memorials. Granite memorial with professional installation across England, Scotland and Wales.",1,1,0,0
product/peace-prayer-granite-heart-memorial-headstone.html,Peace Prayer Heart Memorial Headstone | Churchill Memorials,"Peace Prayer Arabic & Muslim Memorial Headstones from Churchill Memorials. Granite memorial with professional installation across England, Scotland and Wales.",1,3,0,0
product/peace-stone-black-granite-granite-headstone.html,Peace Stone Granite Headstone | Churchill Memorials,"Peace Stone Special Offers from Churchill Memorials. Black Granite memorial with professional installation across England, Scotland and Wales.",1,2,0,0
product/peace-vase-granite-memorial-vase.html,Peace Vase Memorial Vase | Churchill Memorials,"Peace Vase Cemetery & Churchyard Headstones from Churchill Memorials. Granite memorial with professional installation across England, Scotland and Wales.",1,2,0,0
product/pearl-garden-granite-kerb-set-memorial.html,Pearl Garden Kerb Set Memorial | Churchill Memorials,"Pearl Garden Bespoke Kerbset Memorials from Churchill Memorials. Granite memorial with professional installation across England, Scotland and Wales.",1,2,0,0
product/pearl-grace-grey-granite-churchyard-cross-headstone.html,Pearl Grace Churchyard Cross Headstone | Churchill Memorials,"Pearl Grace Cemetery & Churchyard Headstones from Churchill Memorials. Grey Granite memorial with professional installation across England, Scotland and...",1,2,0,0
product/pearl-vase-granite-cremation-memorial.html,Pearl Vase Cremation Memorial | Churchill Memorials,"Pearl Vase Cremation Memorials from Churchill Memorials. Granite memorial with professional installation across England, Scotland and Wales.",1,2,0,0
product/prayer-cross-granite-churchyard-cross-headstone.html,Prayer Cross Churchyard Cross Headstone | Churchill Memorials,"Prayer Cross Cemetery & Churchyard Headstones from Churchill Memorials. Granite memorial with professional installation across England, Scotland and Wales.",1,1,0,0
product/precious-dove-granite-heart-memorial-headstone.html,Precious Dove Heart Memorial Headstone | Churchill Memorials,"Precious Dove Children’s Memorials from Churchill Memorials. Granite memorial with professional installation across England, Scotland and Wales.",1,1,0,0
product/precious-star-marble-childrens-memorial-headstone.html,Precious Star Childrens Memorial Headstone | Churchill Memorials,"Precious Star Children’s Memorials from Churchill Memorials. Marble memorial with professional installation across England, Scotland and Wales.",1,1,0,0
product/quiet-garden-granite-kerb-set-memorial.html,Quiet Garden Kerb Set Memorial | Churchill Memorials,"Quiet Garden Kerb Set Memorials & Full Length Headstones from Churchill Memorials. Granite memorial with professional installation across England,...",1,2,0,0
product/quiet-grace-granite-granite-headstone.html,Quiet Grace Granite Headstone | Churchill Memorials,"Quiet Grace Special Offers from Churchill Memorials. Granite memorial with professional installation across England, Scotland and Wales.",1,1,0,0
product/quiet-heart-granite-heart-memorial-headstone.html,Quiet Heart Heart Memorial Headstone | Churchill Memorials,"Quiet Heart Heart Memorials from Churchill Memorials. Granite memorial with professional installation across England, Scotland and Wales.",1,3,0,0
product/quiet-light-granite-heart-memorial-headstone.html,Quiet Light Heart Memorial Headstone | Churchill Memorials,"Quiet Light Heart Memorials from Churchill Memorials. Granite memorial with professional installation across England, Scotland and Wales.",1,1,0,0
product/quiet-oak-granite-granite-headstone.html,Quiet Oak Granite Headstone | Churchill Memorials,"Quiet Oak Rustic & Hand Carved Memorials from Churchill Memorials. Granite memorial with professional installation across England, Scotland and Wales.",1,1,0,0
product/quiet-vase-granite-cremation-memorial.html,Quiet Vase Cremation Memorial | Churchill Memorials,"Quiet Vase Cremation Memorials from Churchill Memorials. Granite memorial with professional installation across England, Scotland and Wales.",1,2,0,0
product/quiet-verse-granite-book-memorial-headstone.html,Quiet Verse Book Memorial Headstone | Churchill Memorials,"Quiet Verse Book Memorials from Churchill Memorials. Granite memorial with professional installation across England, Scotland and Wales.",1,1,0,0
product/remembrance-book-granite-book-memorial-headstone.html,Remembrance Book Book Memorial Headstone | Churchill Memorials,"Remembrance Book Book Memorials from Churchill Memorials. Granite memorial with professional installation across England, Scotland and Wales.",1,1,0,0
product/remembrance-vase-granite-memorial-vase.html,Remembrance Vase Memorial Vase | Churchill Memorials,"Remembrance Vase Cemetery & Churchyard Headstones from Churchill Memorials. Granite memorial with professional installation across England, Scotland and...",1,1,0,0
product/restful-stone-black-granite-childrens-memorial-headstone.html,Restful Stone Childrens Memorial Headstone | Churchill Memorials,"Restful Stone Children’s Memorials from Churchill Memorials. Black Granite memorial with professional installation across England, Scotland and Wales.",1,1,0,0
product/river-grace-marble-churchyard-cross-headstone.html,River Grace Churchyard Cross Headstone | Churchill Memorials,"River Grace Churchyard & Marble Memorials from Churchill Memorials. Marble memorial with professional installation across England, Scotland and Wales.",1,1,0,0
product/river-stone-granite-granite-headstone.html,River Stone Granite Headstone | Churchill Memorials,"River Stone Rustic & Hand Carved Memorials from Churchill Memorials. Granite memorial with professional installation across England, Scotland and Wales.",1,2,0,0
product/rose-cross-granite-churchyard-cross-headstone.html,Rose Cross Churchyard Cross Headstone | Churchill Memorials,"Rose Cross Cemetery & Churchyard Headstones from Churchill Memorials. Granite memorial with professional installation across England, Scotland and Wales.",1,1,0,0
product/rose-garden-granite-kerb-set-memorial.html,Rose Garden Kerb Set Memorial | Churchill Memorials,"Rose Garden Kerb Set Memorials & Full Length Headstones from Churchill Memorials. Granite memorial with professional installation across England, Scotland...",1,2,0,0
product/rose-grace-black-granite-granite-headstone.html,Rose Grace Granite Headstone | Churchill Memorials,"Rose Grace Special Offers from Churchill Memorials. Black Granite memorial with professional installation across England, Scotland and Wales.",1,1,0,0
product/rose-heart-grey-granite-heart-memorial-headstone.html,Rose Heart Heart Memorial Headstone | Churchill Memorials,"Rose Heart Special Offers from Churchill Memorials. Grey Granite memorial with professional installation across England, Scotland and Wales.",1,1,0,0
product/rose-light-granite-book-memorial-headstone.html,Rose Light Book Memorial Headstone | Churchill Memorials,"Rose Light Special Offers from Churchill Memorials. Granite memorial with professional installation across England, Scotland and Wales.",1,1,0,0
product/rose-vase-granite-memorial-vase.html,Rose Vase Memorial Vase | Churchill Memorials,"Rose Vase Cemetery & Churchyard Headstones from Churchill Memorials. Granite memorial with professional installation across England, Scotland and Wales.",1,1,0,0
product/rose-verse-black-granite-book-memorial-headstone.html,Rose Verse Book Memorial Headstone | Churchill Memorials,"Rose Verse Book Memorials from Churchill Memorials. Black Granite memorial with professional installation across England, Scotland and Wales.",1,1,0,0
product/ruby-grace-granite-book-memorial-headstone.html,Ruby Grace Book Memorial Headstone | Churchill Memorials,"Ruby Grace Cremation Memorials from Churchill Memorials. Granite memorial with professional installation across England, Scotland and Wales.",1,1,0,0
product/ruby-heart-granite-heart-memorial-headstone.html,Ruby Heart Heart Memorial Headstone | Churchill Memorials,"Ruby Heart Heart Memorials from Churchill Memorials. Granite memorial with professional installation across England, Scotland and Wales.",1,3,0,0
product/rustic-grace-granite-granite-headstone.html,Rustic Grace Granite Headstone | Churchill Memorials,"Rustic Grace Rustic & Hand Carved Memorials from Churchill Memorials. Granite memorial with professional installation across England, Scotland and Wales.",1,1,0,0
product/sable-grace-granite-cremation-memorial.html,Sable Grace Cremation Memorial | Churchill Memorials,"Sable Grace Cremation Memorials from Churchill Memorials. Granite memorial with professional installation across England, Scotland and Wales.",1,1,0,0
product/sabr-grace-marble-kerb-set-memorial.html,Sabr Grace Kerb Set Memorial | Churchill Memorials,"Sabr Grace Arabic & Muslim Memorial Headstones from Churchill Memorials. Marble memorial with professional installation across England, Scotland and Wales.",1,3,0,0
product/sacred-book-red-granite-book-memorial-headstone.html,Sacred Book Book Memorial Headstone | Churchill Memorials,"Sacred Book Book Memorials from Churchill Memorials. Granite memorial with professional installation across England, Scotland and Wales.",1,1,0,0
product/sacred-cross-red-granite-churchyard-cross-headstone.html,Sacred Cross Churchyard Cross Headstone | Churchill Memorials,"Sacred Cross Special Offers from Churchill Memorials. Granite memorial with professional installation across England, Scotland and Wales.",1,2,0,0
product/sacred-grace-red-granite-granite-headstone.html,Sacred Grace Granite Headstone | Churchill Memorials,"Sacred Grace Individual Bespoke Memorials from Churchill Memorials. Granite memorial with professional installation across England, Scotland and Wales.",1,3,0,0
product/sacred-prayer-red-granite-muslim-arabic-headstone.html,Sacred Prayer Muslim Arabic Headstone | Churchill Memorials,"Sacred Prayer Arabic & Muslim Memorial Headstones from Churchill Memorials. Granite memorial with professional installation across England, Scotland and...",1,3,0,0
product/saint-grace-granite-churchyard-cross-headstone.html,Saint Grace Churchyard Cross Headstone | Churchill Memorials,"Saint Grace Cemetery & Churchyard Headstones from Churchill Memorials. Granite memorial with professional installation across England, Scotland and Wales.",1,1,0,0
product/salaam-grace-red-granite-kerb-set-memorial.html,Salaam Grace Kerb Set Memorial | Churchill Memorials,"Salaam Grace Arabic & Muslim Memorial Headstones from Churchill Memorials. Granite memorial with professional installation across England, Scotland and Wales.",1,2,0,0
product/salaam-stone-granite-kerb-set-memorial.html,Salaam Stone Kerb Set Memorial | Churchill Memorials,"Salaam Stone Arabic & Muslim Memorial Headstones from Churchill Memorials. Granite memorial with professional installation across England, Scotland and Wales.",1,3,0,0
product/sanctuary-rest-black-granite-kerb-set-memorial.html,Sanctuary Rest Kerb Set Memorial | Churchill Memorials,"Sanctuary Rest Kerb Set Memorials & Full Length Headstones from Churchill Memorials. Black Granite memorial with professional installation across England,...",1,1,0,0
product/serene-garden-granite-kerb-set-memorial.html,Serene Garden Kerb Set Memorial | Churchill Memorials,"Serene Garden Kerb Set Memorials & Full Length Headstones from Churchill Memorials. Granite memorial with professional installation across England,...",1,1,0,0
product/serene-stone-blue-granite-churchyard-cross-headstone.html,Serene Stone Churchyard Cross Headstone | Churchill Memorials,"Serene Stone Cemetery & Churchyard Headstones from Churchill Memorials. Bahama Blue memorial with professional installation across England, Scotland and...",1,1,0,0
product/silver-grace-black-granite-churchyard-cross-headstone.html,Silver Grace Churchyard Cross Headstone | Churchill Memorials,"Silver Grace Cemetery & Churchyard Headstones from Churchill Memorials. Black Granite memorial with professional installation across England, Scotland and...",1,2,0,0
product/silver-light-grey-granite-granite-headstone.html,Silver Light Granite Headstone | Churchill Memorials,"Silver Light Individual Bespoke Memorials from Churchill Memorials. Grey Granite memorial with professional installation across England, Scotland and Wales.",1,2,0,0
product/silver-rest-granite-kerb-set-memorial.html,Silver Rest Kerb Set Memorial | Churchill Memorials,"Silver Rest Rustic & Hand Carved Memorials from Churchill Memorials. Granite memorial with professional installation across England, Scotland and Wales.",1,1,0,0
product/soft-angel-granite-kerb-set-memorial.html,Soft Angel Kerb Set Memorial | Churchill Memorials,"Soft Angel Kerb Set Memorials & Full Length Headstones from Churchill Memorials. Granite memorial with professional installation across England, Scotland...",1,1,0,0
product/soft-grace-grey-granite-granite-headstone.html,Soft Grace Granite Headstone | Churchill Memorials,"Soft Grace Special Offers from Churchill Memorials. Grey Granite memorial with professional installation across England, Scotland and Wales.",1,3,0,0
product/soft-heart-granite-heart-memorial-headstone.html,Soft Heart Heart Memorial Headstone | Churchill Memorials,"Soft Heart Heart Memorials from Churchill Memorials. Granite memorial with professional installation across England, Scotland and Wales.",1,1,0,0
product/soft-light-black-granite-book-memorial-headstone.html,Soft Light Book Memorial Headstone | Churchill Memorials,"Soft Light Cremation Memorials from Churchill Memorials. Black Granite memorial with professional installation across England, Scotland and Wales.",1,1,0,0
product/soft-rose-black-granite-granite-headstone.html,Soft Rose Granite Headstone | Churchill Memorials,"Soft Rose Special Offers from Churchill Memorials. Black Granite memorial with professional installation across England, Scotland and Wales.",1,1,0,0
product/soft-star-granite-heart-memorial-headstone.html,Soft Star Heart Memorial Headstone | Churchill Memorials,"Soft Star Children’s Memorials from Churchill Memorials. Granite memorial with professional installation across England, Scotland and Wales.",1,1,0,0
product/soft-willow-granite-granite-headstone.html,Soft Willow Granite Headstone | Churchill Memorials,"Soft Willow Rustic & Hand Carved Memorials from Churchill Memorials. Granite memorial with professional installation across England, Scotland and Wales.",1,1,0,0
product/star-grace-marble-churchyard-cross-headstone.html,Star Grace Churchyard Cross Headstone | Churchill Memorials,"Star Grace Churchyard & Marble Memorials from Churchill Memorials. Marble memorial with professional installation across England, Scotland and Wales.",1,2,0,0
product/still-grace-black-granite-churchyard-cross-headstone.html,Still Grace Churchyard Cross Headstone | Churchill Memorials,"Still Grace Cemetery & Churchyard Headstones from Churchill Memorials. Black Granite memorial with professional installation across England, Scotland and...",1,2,0,0
product/still-light-granite-churchyard-cross-headstone.html,Still Light Churchyard Cross Headstone | Churchill Memorials,"Still Light Individual Bespoke Memorials from Churchill Memorials. Granite memorial with professional installation across England, Scotland and Wales.",1,3,0,0
product/stone-garden-granite-kerb-set-memorial.html,Stone Garden Kerb Set Memorial | Churchill Memorials,"Stone Garden Bespoke Kerbset Memorials from Churchill Memorials. Granite memorial with professional installation across England, Scotland and Wales.",1,2,0,0
product/sweet-dream-granite-childrens-memorial-headstone.html,Sweet Dream Childrens Memorial Headstone | Churchill Memorials,"Sweet Dream Children’s Memorials from Churchill Memorials. Granite memorial with professional installation across England, Scotland and Wales.",1,1,0,0
product/sweet-heart-granite-heart-memorial-headstone.html,Sweet Heart Heart Memorial Headstone | Churchill Memorials,"Sweet Heart Heart Memorials from Churchill Memorials. Granite memorial with professional installation across England, Scotland and Wales.",1,2,0,0
product/sweet-meadow-granite-childrens-memorial-headstone.html,Sweet Meadow Childrens Memorial Headstone | Churchill Memorials,"Sweet Meadow Children’s Memorials from Churchill Memorials. Granite memorial with professional installation across England, Scotland and Wales.",1,1,0,0
product/tender-grace-granite-granite-headstone.html,Tender Grace Granite Headstone | Churchill Memorials,"Tender Grace Individual Bespoke Memorials from Churchill Memorials. Granite memorial with professional installation across England, Scotland and Wales.",1,3,0,0
product/tender-heart-granite-heart-memorial-headstone.html,Tender Heart Heart Memorial Headstone | Churchill Memorials,"Tender Heart Children’s Memorials from Churchill Memorials. Granite memorial with professional installation across England, Scotland and Wales.",1,2,0,0
product/tender-star-granite-childrens-memorial-headstone.html,Tender Star Childrens Memorial Headstone | Churchill Memorials,"Tender Star Children’s Memorials from Churchill Memorials. Granite memorial with professional installation across England, Scotland and Wales.",1,1,0,0
product/tender-vase-granite-cremation-memorial.html,Tender Vase Cremation Memorial | Churchill Memorials,"Tender Vase Cremation Memorials from Churchill Memorials. Granite memorial with professional installation across England, Scotland and Wales.",1,1,0,0
product/tender-verse-granite-book-memorial-headstone.html,Tender Verse Book Memorial Headstone | Churchill Memorials,"Tender Verse Book Memorials from Churchill Memorials. Granite memorial with professional installation across England, Scotland and Wales.",1,1,0,0
product/tiny-angel-red-granite-kerb-set-memorial.html,Tiny Angel Kerb Set Memorial | Churchill Memorials,"Tiny Angel Kerb Set Memorials & Full Length Headstones from Churchill Memorials. Granite memorial with professional installation across England, Scotland...",1,1,0,0
product/tiny-rose-granite-kerb-set-memorial.html,Tiny Rose Kerb Set Memorial | Churchill Memorials,"Tiny Rose Children’s Memorials from Churchill Memorials. Granite memorial with professional installation across England, Scotland and Wales.",1,3,0,0
product/true-grace-granite-childrens-memorial-headstone.html,True Grace Childrens Memorial Headstone | Churchill Memorials,"True Grace Children’s Memorials from Churchill Memorials. Granite memorial with professional installation across England, Scotland and Wales.",1,1,0,0
product/true-heart-granite-heart-memorial-headstone.html,True Heart Heart Memorial Headstone | Churchill Memorials,"True Heart Heart Memorials from Churchill Memorials. Granite memorial with professional installation across England, Scotland and Wales.",1,1,0,0
product/vale-stone-marble-churchyard-cross-headstone.html,Vale Stone Churchyard Cross Headstone | Churchill Memorials,"Vale Stone Churchyard & Marble Memorials from Churchill Memorials. Marble memorial with professional installation across England, Scotland and Wales.",1,3,0,0
product/vista-grace-marble-churchyard-cross-headstone.html,Vista Grace Churchyard Cross Headstone | Churchill Memorials,"Vista Grace Churchyard & Marble Memorials from Churchill Memorials. Marble memorial with professional installation across England, Scotland and Wales.",1,2,0,0
product/willow-garden-red-granite-kerb-set-memorial.html,Willow Garden Kerb Set Memorial | Churchill Memorials,"Willow Garden Kerb Set Memorials & Full Length Headstones from Churchill Memorials. Granite memorial with professional installation across England,...",1,2,0,0
product/willow-grace-granite-churchyard-cross-headstone.html,Willow Grace Churchyard Cross Headstone | Churchill Memorials,"Willow Grace Cemetery & Churchyard Headstones from Churchill Memorials. Granite memorial with professional installation across England, Scotland and Wales.",1,1,0,0
product/willow-heart-granite-heart-memorial-headstone.html,Willow Heart Heart Memorial Headstone | Churchill Memorials,"Willow Heart Heart Memorials from Churchill Memorials. Granite memorial with professional installation across England, Scotland and Wales.",1,3,0,0
product/willow-stone-granite-churchyard-cross-headstone.html,Willow Stone Churchyard Cross Headstone | Churchill Memorials,"Willow Stone Rustic & Hand Carved Memorials from Churchill Memorials. Granite memorial with professional installation across England, Scotland and Wales.",1,1,0,0
product/willow-vase-granite-cremation-memorial.html,Willow Vase Cremation Memorial | Churchill Memorials,"Willow Vase Cremation Memorials from Churchill Memorials. Granite memorial with professional installation across England, Scotland and Wales.",1,1,0,0
product/willow-verse-granite-book-memorial-headstone.html,Willow Verse Book Memorial Headstone | Churchill Memorials,"Willow Verse Book Memorials from Churchill Memorials. Granite memorial with professional installation across England, Scotland and Wales.",1,1,0,0
product/woodland-stone-granite-granite-headstone.html,Woodland Stone Granite Headstone | Churchill Memorials,"Woodland Stone Rustic & Hand Carved Memorials from Churchill Memorials. Granite memorial with professional installation across England, Scotland and Wales.",1,1,0,0
memorial-range/index.html,Memorial Range | Churchill Memorials,"Browse Churchill Memorials’ full nationwide memorial range with professional installation across England, Scotland and Wales.",1,13,0,0
memorial-range/arabic-and-muslim-memorial-headstones.html,Arabic & Muslim Memorial Headstones | Churchill Memorials,"Arabic & Muslim Memorial Headstones with guide prices and professional installation across England, Scotland and Wales.",1,16,0,0
memorial-range/bespoke-kerbset-memorials.html,Bespoke Kerbset Memorials | Churchill Memorials,"Bespoke Kerbset Memorials with guide prices and professional installation across England, Scotland and Wales.",1,17,0,0
memorial-range/book-memorials.html,Book Memorials | Churchill Memorials,"Book Memorials with guide prices and professional installation across England, Scotland and Wales.",1,14,0,0
memorial-range/cemetery-and-churchyard-headstones.html,Cemetery & Churchyard Headstones | Churchill Memorials,"Cemetery & Churchyard Headstones with guide prices and professional installation across England, Scotland and Wales.",1,37,0,0
memorial-range/children-s-memorials.html,Children’s Memorials | Churchill Memorials,"Children’s Memorials with guide prices and professional installation across England, Scotland and Wales.",1,30,0,0
memorial-range/churchyard-and-marble-memorials.html,Churchyard & Marble Memorials | Churchill Memorials,"Churchyard & Marble Memorials with guide prices and professional installation across England, Scotland and Wales.",1,18,0,0
memorial-range/cremation-memorials.html,Cremation Memorials | Churchill Memorials,"Cremation Memorials with guide prices and professional installation across England, Scotland and Wales.",1,18,0,0
memorial-range/heart-memorials.html,Heart Memorials | Churchill Memorials,"Heart Memorials with guide prices and professional installation across England, Scotland and Wales.",1,14,0,0
memorial-range/individual-bespoke-memorials.html,Individual Bespoke Memorials | Churchill Memorials,"Individual Bespoke Memorials with guide prices and professional installation across England, Scotland and Wales.",1,19,0,0
memorial-range/kerb-set-memorials-and-full-length-headstones.html,Kerb Set Memorials & Full Length Headstones | Churchill Memorials,"Kerb Set Memorials & Full Length Headstones with guide prices and professional installation across England, Scotland and Wales.",1,16,0,0
memorial-range/rustic-and-hand-carved-memorials.html,Rustic & Hand Carved Memorials | Churchill Memorials,"Rustic & Hand Carved Memorials with guide prices and professional installation across England, Scotland and Wales.",1,16,0,0
memorial-range/special-offers.html,Special Offers | Churchill Memorials,"Special Offers with guide prices and professional installation across England, Scotland and Wales.",1,20,0,0
memorial-range/vases.html,Vases | Churchill Memorials,"Vases with guide prices and professional installation across England, Scotland and Wales.",1,9,0,0
about/index.html,About Churchill Memorials | Churchill Memorials,"Family-run nationwide memorial specialists with professional installation across England, Scotland and Wales.",2,0,0,0
colour-samples/index.html,Memorial Colour Samples | Churchill Memorials,Granite and natural stone colour samples for Churchill Memorials headstones.,2,0,0,0
headstone-inscriptions/index.html,Headstone Inscriptions & Memorial Verses | Churchill Memorials,"Churchill Memorials are nationwide memorial headstone specialists, serving every cemetery across England, Scotland and Wales with professional installation",2,0,0,0
recent-installations/index.html,Recent Installations | Churchill Memorials,"Recent memorial installations by Churchill Memorials across cemeteries in England, Scotland and Wales.",2,0,0,0
